## 多表查询的需求

假如我想查询`杜琦燕`的各学科成绩,就需要先从`student_info`中找number,通过number在`student_score`中查询成绩:
```
mysql> SELECT number FROM student_info WHERE name = '杜琦燕';
+----------+
| number   |
+----------+
| 20180102 |
+----------+
1 row in set (0.00 sec)

mysql> SELECT * FROM student_score WHERE number = 20180102;
+----------+-----------------------------+-------+
| number   | subject                     | score |
+----------+-----------------------------+-------+
| 20180102 | 母猪的产后护理              |   100 |
| 20180102 | 论萨达姆的战争准备          |    98 |
+----------+-----------------------------+-------+
2 rows in set (0.00 sec)
```

## 标量子查询

可以用`()`把上述的两个查询结合起来,需要先查询的语句写在`()`内,当然,可以无限嵌套.
```
mysql> SELECT * FROM student_score WHERE number = (SELECT number FROM student_info WHERE name = '杜琦燕');
+----------+-----------------------------+-------+
| number   | subject                     | score |
+----------+-----------------------------+-------+
| 20180102 | 母猪的产后护理              |   100 |
| 20180102 | 论萨达姆的战争准备          |    98 |
+----------+-----------------------------+-------+
2 rows in set (0.01 sec)
```

为什么叫**标量子查询**呢,因为子查询作为表达式,只是单纯的返回了number代表一个值.

## 列子查询
